Workbook

Sheet ReadMe
B2: LankaKart Online Retail — Teaching Dataset
B3: Relational database sandbox for SQL practice · 8 tables · LKR pricing · Orders Jan 2025 – Sep 2026
B4: Each worksheet is one table. Import every sheet into the SQL sandbox as a table of the same name.
B6: TABLE DICTIONARY
B7: Table | C7: Description | D7: Rows | E7: Primary Key | F7: Foreign Keys
B8: Customers | C8: People who buy from the store | D8: 60 | E8: CustomerID | F8: —
B9: Products | C9: Catalogue of items for sale | D9: 56 | E9: ProductID | F9: CategoryID → Categories; SupplierID → Suppliers
B10: Categories | C10: Product groupings | D10: 8 | E10: CategoryID | F10: —
B11: Suppliers | C11: Companies that supply products | D11: 12 | E11: SupplierID | F11: —
B12: OrderHeader | C12: One row per customer order | D12: 220 | E12: OrderID | F12: CustomerID → Customers
B13: OrderItems | C13: One row per product line within an order | D13: 534 | E13: OrderItemID | F13: OrderID → OrderHeader; ProductID → Products
B14: Warehouses | C14: Physical stock locations | D14: 3 | E14: WarehouseID | F14: —
B15: Stock | C15: Quantity of each product held per warehouse | D15: 111 | E15: StockID | F15: ProductID → Products; WarehouseID → Warehouses
B17: HOW THE TABLES CONNECT (join map)
B18: Customers (1) ──< OrderHeader (many) on CustomerID
B19: OrderHeader (1) ──< OrderItems (many) on OrderID
B20: Products (1) ──< OrderItems (many) on ProductID
B21: Categories (1) ──< Products (many) on CategoryID
B22: Suppliers (1) ──< Products (many) on SupplierID
B23: Products (1) ──< Stock (many) >── (1) Warehouses — Stock resolves the many-to-many between Products and Warehouses
B25: TEACHING HOOKS BUILT INTO THE DATA
B26: • 8 customers have never placed an order — INNER JOIN vs LEFT JOIN (and NOT EXISTS) will give different customer counts.
B27: • 6 products have never been sold (incl. 2 discontinued) — find them with a LEFT JOIN from Products to OrderItems.
B28: • Supplier SUP-12 (Kandy Craft Collective) has no products yet — a LEFT JOIN from Suppliers shows it; INNER JOIN hides it.
B29: • Processing/Cancelled orders have a blank ShipDate — use IS NULL / IS NOT NULL.
... B38: • For Cancelled orders, OrderTotal_LKR reflects the order value at the time of cancellation.

Sheet Customers
A1: CustomerID | B1: FirstName | C1: LastName | D1: Gender | E1: Email | F1: Phone | G1: City | H1: District | I1: JoinDate
A2: CUST-1001 | B2: Ruwan | C2: Perera | D2: M | E2: ruwan.perera95@yahoo.com | F2: 072-2719583 | G2: Gampaha | H2: Gampaha | I2: 45155
A3: CUST-1002 | B3: Nethmi | C3: Amarasinghe | D3: M | E3: nethmi.amarasinghe5@gmail.com | F3: 074-9478454 | G3: Dehiwala | H3: Colombo | I3: 45150
A4: CUST-1003 | B4: Dulani | C4: Bandara | D4: F | E4: dulani.bandara92@outlook.com | F4: 077-4698379 | G4: Ratnapura | H4: Ratnapura | I4: 45485
A5: CUST-1004 | B5: Nethmi | C5: Herath | D5: M | E5: nethmi.herath1@gmail.com | F5: 076-5661907 | G5: Ratnapura | H5: Ratnapura | I5: 45359
A6: CUST-1005 | B6: Shalini | C6: Weerasinghe | D6: F | E6: shalini.weerasinghe14@gmail.com | F6: 076-6770619 | G6: Galle | H6: Galle | I6: 45026
A7: CUST-1006 | B7: Sanduni | C7: Wijesekara | D7: F | E7: sanduni.wijesekara59@outlook.com | F7: 071-5918715 | G7: Dehiwala | H7: Colombo | I7: 45314
A8: CUST-1007 | B8: Chathura | C8: Bandara | D8: M | E8: chathura.bandara91@gmail.com | F8: 074-5855124 | G8: Colombo | H8: Colombo | I8: 45604
A9: CUST-1008 | B9: Amaya | C9: Jayasinghe | D9: F | E9: amaya.jayasinghe49@yahoo.com | F9: 076-3728882 | G9: Matara | H9: Matara | I9: 45577
A10: CUST-1009 | B10: Arun | C10: Bandara | D10: M | E10: arun.bandara86@yahoo.com | F10: 071-3871230 | G10: Ratnapura | H10: Ratnapura | I10: 45626
A11: CUST-1010 | B11: Harsha | C11: Karunaratne | D11: M | E11: harsha.karunaratne49@yahoo.com | F11: 074-6440561 | G11: Anuradhapura | H11: Anuradhapura | I11: 45497
A12: CUST-1011 | B12: Amaya | C12: Fernando | D12: M | E12: amaya.fernando41@yahoo.com | F12: 074-6279418 | G12: Negombo | H12: Gampaha | I12: 44994
A13: CUST-1012 | B13: Menaka | C13: Senanayake | D13: F | E13: menaka.senanayake83@yahoo.com | F13: 072-5137722 | G13: Moratuwa | H13: Colombo | I13: 45198
... A61: CUST-1060 | B61: Kavindu | C61: Sivakumar | D61: F | E61: kavindu.sivakumar79@gmail.com | F61: 074-7442089 | G61: Matara | H61: Matara | I61: 45351

Sheet Products
A1: ProductID | B1: ProductName | C1: CategoryID | D1: SupplierID | E1: UnitPrice_LKR | F1: UnitCost_LKR | G1: ReorderLevel | H1: Discontinued
A2: PROD-101 | B2: Wireless Optical Mouse | C2: CAT-01 | D2: SUP-01 | E2: 4500 | F2: 3100 | G2: 25 | H2: No
A3: PROD-102 | B3: Mechanical Keyboard | C3: CAT-01 | D3: SUP-01 | E3: 18500 | F3: 13200 | G3: 15 | H3: No
A4: PROD-103 | B4: Bluetooth Earbuds Pro | C4: CAT-01 | D4: SUP-02 | E4: 12900 | F4: 8400 | G4: 15 | H4: No
A5: PROD-104 | B5: USB-C Fast Charger 45W | C5: CAT-01 | D5: SUP-02 | E5: 6800 | F5: 4300 | G5: 10 | H5: No
A6: PROD-105 | B6: Power Bank 20000mAh | C6: CAT-01 | D6: SUP-02 | E6: 11500 | F6: 7600 | G6: 10 | H6: No
A7: PROD-106 | B7: HD Webcam 1080p | C7: CAT-01 | D7: SUP-11 | E7: 13500 | F7: 9200 | G7: 25 | H7: No
A8: PROD-107 | B8: Smart Watch Fit-X | C8: CAT-01 | D8: SUP-11 | E8: 24500 | F8: 16800 | G8: 15 | H8: No
A9: PROD-108 | B9: Portable Bluetooth Speaker | C9: CAT-01 | D9: SUP-01 | E9: 15900 | F9: 10500 | G9: 15 | H9: No
A10: PROD-109 | B10: 32GB USB Flash Drive | C10: CAT-01 | D10: SUP-01 | E10: 2400 | F10: 1500 | G10: 30 | H10: No
A11: PROD-110 | B11: Laptop Cooling Pad | C11: CAT-01 | D11: SUP-02 | E11: 7200 | F11: 4700 | G11: 25 | H11: Yes
A12: PROD-111 | B12: Electric Rice Cooker 2.8L | C12: CAT-02 | D12: SUP-03 | E12: 14900 | F12: 10200 | G12: 10 | H12: No
A13: PROD-112 | B13: Non-stick Frying Pan 28cm | C13: CAT-02 | D13: SUP-03 | E13: 5600 | F13: 3500 | G13: 30 | H13: No
... A57: PROD-156 | B57: Kids Tricycle | C57: CAT-08 | D57: SUP-09 | E57: 14500 | F57: 9800 | G57: 20 | H57: No

Sheet Categories
A1: CategoryID | B1: CategoryName | C1: Description
A2: CAT-01 | B2: Electronics | C2: Consumer electronics, mobile accessories and gadgets
A3: CAT-02 | B3: Home & Kitchen | C3: Appliances, cookware and household items
A4: CAT-03 | B4: Fashion | C4: Clothing, footwear and accessories
A5: CAT-04 | B5: Groceries | C5: Packaged food and everyday essentials
A6: CAT-05 | B6: Health & Beauty | C6: Personal care, wellness and ayurvedic products
A7: CAT-06 | B7: Sports & Outdoor | C7: Sporting goods and outdoor equipment
A8: CAT-07 | B8: Books & Stationery | C8: Books, office and school supplies
A9: CAT-08 | B9: Toys & Kids | C9: Toys, games and children's items

Sheet Suppliers
A1: SupplierID | B1: SupplierName | C1: ContactPerson | D1: Phone | E1: Email | F1: City | G1: Country
A2: SUP-01 | B2: TechLanka Distributors | C2: Ruwan Jayasuriya | D2: 011-2547890 | E2: sales@techlanka.lk | F2: Colombo | G2: Sri Lanka
A3: SUP-02 | B3: Shenzhen Electronics Co. | C3: Li Wei | D3: +86-755-8830-1122 | E3: export@szelec.cn | F3: Shenzhen | G3: China
A4: SUP-03 | B4: Kitchen Craft Imports | C4: Dinesh Mendis | D4: 011-2698741 | E4: orders@kitchencraft.lk | F4: Colombo | G4: Sri Lanka
A5: SUP-04 | B5: Island Apparel (Pvt) Ltd | C5: Shalini Fonseka | D5: 031-2245678 | E5: info@islandapparel.lk | F5: Katunayake | G5: Sri Lanka
A6: SUP-05 | B6: Ceylon Fresh Foods | C6: Nuwan Ratnayake | D6: 066-2287654 | E6: supply@ceylonfresh.lk | F6: Dambulla | G6: Sri Lanka
A7: SUP-06 | B7: Ayur Ceylon Naturals | C7: Kumari Herath | D7: 081-2234567 | E7: hello@ayurceylon.lk | F7: Kandy | G7: Sri Lanka
A8: SUP-07 | B8: Colombo Sports Supply | C8: Roshan de Alwis | D8: 011-2876543 | E8: sales@colombosports.lk | F8: Colombo | G8: Sri Lanka
A9: SUP-08 | B9: Lanka Book House | C9: Priyantha Gamage | D9: 011-2334455 | E9: orders@lankabooks.lk | F9: Maradana | G9: Sri Lanka
A10: SUP-09 | B10: Little Stars Toys | C10: Fathima Rizna | D10: 011-2445566 | E10: contact@littlestars.lk | F10: Wellawatte | G10: Sri Lanka
A11: SUP-10 | B11: Mumbai Trade Links | C11: Anil Deshmukh | D11: +91-22-4098-7766 | E11: exports@mumbaitrade.in | F11: Mumbai | G11: India
A12: SUP-11 | B12: Global Gadget Hub | C12: Tan Wei Ming | D12: +65-6733-9090 | E12: sg@gadgethub.com | F12: Singapore | G12: Singapore
A13: SUP-12 | B13: Kandy Craft Collective | C13: Sunil Ekanayake | D13: 081-2298877 | E13: info@kandycraft.lk | F13: Kandy | G13: Sri Lanka

Sheet OrderHeader
A1: OrderID | B1: CustomerID | C1: OrderDate | D1: ShipDate | E1: OrderStatus | F1: PaymentMethod | G1: ShippingCity | H1: ShippingFee_LKR | I1: OrderTotal_LKR
A2: ORD-10188 | B2: CUST-1008 | C2: 45663 | D2: 45667 | E2: Delivered | F2: Mobile Wallet | G2: Galle | H2: 450 | I2: =SUMIFS(OrderItems!$F$2:$F$535,OrderItems!$B$2:$B$535,A2)+H2 -> 69540
A3: ORD-10154 | B3: CUST-1043 | C3: 45664 | E3: Processing | F3: Card | G3: Ratnapura | H3: 450 | I3: =SUMIFS(OrderItems!$F$2:$F$535,OrderItems!$B$2:$B$535,A3)+H3 -> 74300
A4: ORD-10110 | B4: CUST-1017 | C4: 45665 | D4: 45668 | E4: Shipped | F4: Mobile Wallet | G4: Batticaloa | H4: 600 | I4: =SUMIFS(OrderItems!$F$2:$F$535,OrderItems!$B$2:$B$535,A4)+H4 -> 15060
A5: ORD-10123 | B5: CUST-1003 | C5: 45668 | D5: 45672 | E5: Delivered | F5: Card | G5: Ratnapura | H5: 0 | I5: =SUMIFS(OrderItems!$F$2:$F$535,OrderItems!$B$2:$B$535,A5)+H5 -> 6555
A6: ORD-10203 | B6: CUST-1013 | C6: 45670 | D6: 45675 | E6: Delivered | F6: Bank Transfer | G6: Kandy | H6: 0 | I6: =SUMIFS(OrderItems!$F$2:$F$535,OrderItems!$B$2:$B$535,A6)+H6 -> 23700
A7: ORD-10216 | B7: CUST-1052 | C7: 45671 | D7: 45672 | E7: Delivered | F7: Bank Transfer | G7: Galle | H7: 0 | I7: =SUMIFS(OrderItems!$F$2:$F$535,OrderItems!$B$2:$B$535,A7)+H7 -> 15900
A8: ORD-10133 | B8: CUST-1029 | C8: 45674 | D8: 45678 | E8: Delivered | F8: Card | G8: Badulla | H8: 600 | I8: =SUMIFS(OrderItems!$F$2:$F$535,OrderItems!$B$2:$B$535,A8)+H8 -> 52400
A9: ORD-10166 | B9: CUST-1009 | C9: 45674 | D9: 45675 | E9: Shipped | F9: Cash on Delivery | G9: Ratnapura | H9: 450 | I9: =SUMIFS(OrderItems!$F$2:$F$535,OrderItems!$B$2:$B$535,A9)+H9 -> 15150
A10: ORD-10018 | B10: CUST-1019 | C10: 45688 | D10: 45693 | E10: Delivered | F10: Card | G10: Anuradhapura | H10: 450 | I10: =SUMIFS(OrderItems!$F$2:$F$535,OrderItems!$B$2:$B$535,A10)+H10 -> 69250
A11: ORD-10093 | B11: CUST-1055 | C11: 45689 | D11: 45692 | E11: Delivered | F11: Cash on Delivery | G11: Negombo | H11: 600 | I11: =SUMIFS(OrderItems!$F$2:$F$535,OrderItems!$B$2:$B$535,A11)+H11 -> 55937.5
A12: ORD-10167 | B12: CUST-1009 | C12: 45692 | D12: 45696 | E12: Delivered | F12: Bank Transfer | G12: Ratnapura | H12: 450 | I12: =SUMIFS(OrderItems!$F$2:$F$535,OrderItems!$B$2:$B$535,A12)+H12 -> 23737.5
A13: ORD-10201 | B13: CUST-1009 | C13: 45693 | D13: 45697 | E13: Delivered | F13: Mobile Wallet | G13: Ratnapura | H13: 450 | I13: =SUMIFS(OrderItems!$F$2:$F$535,OrderItems!$B$2:$B$535,A13)+H13 -> 56550
A14: ORD-10094 | B14: CUST-1018 | C14: 45694 | D14: 45695 | E14: Delivered | F14: Cash on Delivery | G14: Jaffna | H14: 450 | I14: =SUMIFS(OrderItems!$F$2:$F$535,OrderItems!$B$2:$B$535,A14)+H14 -> 14940
A15: ORD-10126 | B15: CUST-1048 | C15: 45694 | D15: 45698 | E15: Delivered | F15: Mobile Wallet | G15: Gampaha | H15: 350 | I15: =SUMIFS(OrderItems!$F$2:$F$535,OrderItems!$B$2:$B$535,A15)+H15 -> 98550
... A17: ORD-10072 | B17: CUST-1034 | C17: 45699 | D17: 45700 | E17: Delivered | F17: Cash on Delivery | G17: Kandy | H17: 450 | I17: =SUMIFS(OrderItems!$F$2:$F$535,OrderItems!$B$2:$B$535,A17)+H17 -> 5305
A18: ORD-10101 | B18: CUST-1040 | C18: 45700 | E18: Processing | F18: Cash on Delivery | G18: Kurunegala | H18: 350 | I18: =SUMIFS(OrderItems!$F$2:$F$535,OrderItems!$B$2:$B$535,A18)+H18 -> 83260
A19: ORD-10215 | B19: CUST-1053 | C19: 45700 | D19: 45703 | E19: Delivered | F19: Card | G19: Anuradhapura | H19: 350 | I19: =SUMIFS(OrderItems!$F$2:$F$535,OrderItems!$B$2:$B$535,A19)+H19 -> 32250
A20: ORD-10031 | B20: CUST-1008 | C20: 45702 | D20: 45706 | E20: Delivered | F20: Card | G20: Matara | H20: 0 | I20: =SUMIFS(OrderItems!$F$2:$F$535,OrderItems!$B$2:$B$535,A20)+H20 -> 6900
A21: ORD-10176 | B21: CUST-1053 | C21: 45703 | D21: 45706 | E21: Delivered | F21: Cash on Delivery | G21: Anuradhapura | H21: 350 | I21: =SUMIFS(OrderItems!$F$2:$F$535,OrderItems!$B$2:$B$535,A21)+H21 -> 34510
A22: ORD-10127 | B22: CUST-1039 | C22: 45705 | D22: 45710 | E22: Delivered | F22: Mobile Wallet | G22: Anuradhapura | H22: 350 | I22: =SUMIFS(OrderItems!$F$2:$F$535,OrderItems!$B$2:$B$535,A22)+H22 -> 30550
A23: ORD-10073 | B23: CUST-1058 | C23: 45710 | E23: Processing | F23: Bank Transfer | G23: Matara | H23: 450 | I23: =SUMIFS(OrderItems!$F$2:$F$535,OrderItems!$B$2:$B$535,A23)+H23 -> 6010
A24: ORD-10122 | B24: CUST-1006 | C24: 45711 | D24: 45715 | E24: Shipped | F24: Cash on Delivery | G24: Gampaha | H24: 350 | I24: =SUMIFS(OrderItems!$F$2:$F$535,OrderItems!$B$2:$B$535,A24)+H24 -> 26010
A25: ORD-10038 | B25: CUST-1003 | C25: 45713 | D25: 45715 | E25: Shipped | F25: Cash on Delivery | G25: Ratnapura | H25: 350 | I25: =SUMIFS(OrderItems!$F$2:$F$535,OrderItems!$B$2:$B$535,A25)+H25 -> 5950
A26: ORD-10107 | B26: CUST-1060 | C26: 45718 | D26: 45723 | E26: Delivered | F26: Mobile Wallet | G26: Matara | H26: 350 | I26: =SUMIFS(OrderItems!$F$2:$F$535,OrderItems!$B$2:$B$535,A26)+H26 -> 24950
A27: ORD-10076 | B27: CUST-1059 | C27: 45720 | D27: 45724 | E27: Delivered | F27: Bank Transfer | G27: Gampaha | H27: 0 | I27: =SUMIFS(OrderItems!$F$2:$F$535,OrderItems!$B$2:$B$535,A27)+H27 -> 49800
A28: ORD-10165 | B28: CUST-1018 | C28: 45721 | D28: 45725 | E28: Delivered | F28: Card | G28: Jaffna | H28: 600 | I28: =SUMIFS(OrderItems!$F$2:$F$535,OrderItems!$B$2:$B$535,A28)+H28 -> 8200
A29: ORD-10095 | B29: CUST-1056 | C29: 45725 | D29: 45730 | E29: Shipped | F29: Cash on Delivery | G29: Jaffna | H29: 0 | I29: =SUMIFS(OrderItems!$F$2:$F$535,OrderItems!$B$2:$B$535,A29)+H29 -> 12300
A30: ORD-10177 | B30: CUST-1001 | C30: 45725 | E30: Processing | F30: Cash on Delivery | G30: Gampaha | H30: 450 | I30: =SUMIFS(OrderItems!$F$2:$F$535,OrderItems!$B$2:$B$535,A30)+H30 -> 5500
A31: ORD-10142 | B31: CUST-1023 | C31: 45730 | D31: 45731 | E31: Delivered | F31: Card | G31: Anuradhapura | H31: 350 | I31: =SUMIFS(OrderItems!$F$2:$F$535,OrderItems!$B$2:$B$535,A31)+H31 -> 15405
A32: ORD-10069 | B32: CUST-1028 | C32: 45731 | E32: Cancelled | F32: Card | G32: Matara | H32: 450 | I32: =SUMIFS(OrderItems!$F$2:$F$535,OrderItems!$B$2:$B$535,A32)+H32 -> 10200
A33: ORD-10017 | B33: CUST-1011 | C33: 45735 | D33: 45738 | E33: Delivered | F33: Bank Transfer | G33: Negombo | H33: 450 | I33: =SUMIFS(OrderItems!$F$2:$F$535,OrderItems!$B$2:$B$535,A33)+H33 -> 14700
A34: ORD-10108 | B34: CUST-1043 | C34: 45736 | D34: 45739 | E34: Delivered | F34: Card | G34: Ratnapura | H34: 350 | I34: =SUMIFS(OrderItems!$F$2:$F$535,OrderItems!$B$2:$B$535,A34)+H34 -> 75545
A35: ORD-10134 | B35: CUST-1059 | C35: 45740 | D35: 45742 | E35: Delivered | F35: Mobile Wallet | G35: Gampaha | H35: 350 | I35: =SUMIFS(OrderItems!$F$2:$F$535,OrderItems!$B$2:$B$535,A35)+H35 -> 24850
A36: ORD-10129 | B36: CUST-1052 | C36: 45742 | D36: 45745 | E36: Delivered | F36: Card | G36: Galle | H36: 350 | I36: =SUMIFS(OrderItems!$F$2:$F$535,OrderItems!$B$2:$B$535,A36)+H36 -> 58550
A37: ORD-10187 | B37: CUST-1012 | C37: 45752 | E37: Processing | F37: Bank Transfer | G37: Moratuwa | H37: 450 | I37: =SUMIFS(OrderItems!$F$2:$F$535,OrderItems!$B$2:$B$535,A37)+H37 -> 7350
A38: ORD-10047 | B38: CUST-1003 | C38: 45755 | D38: 45757 | E38: Shipped | F38: Mobile Wallet | G38: Ratnapura | H38: 450 | I38: =SUMIFS(OrderItems!$F$2:$F$535,OrderItems!$B$2:$B$535,A38)+H38 -> 6530
A39: ORD-10157 | B39: CUST-1048 | C39: 45755 | D39: 45756 | E39: Shipped | F39: Cash on Delivery | G39: Gampaha | H39: 350 | I39: =SUMIFS(OrderItems!$F$2:$F$535,OrderItems!$B$2:$B$535,A39)+H39 -> 36350
A40: ORD-10015 | B40: CUST-1005 | C40: 45763 | E40: Cancelled | F40: Cash on Delivery | G40: Galle | H40: 450 | I40: =SUMIFS(OrderItems!$F$2:$F$535,OrderItems!$B$2:$B$535,A40)+H40 -> 37650
A41: ORD-10160 | B41: CUST-1007 | C41: 45764 | D41: 45765 | E41: Delivered | F41: Mobile Wallet | G41: Colombo | H41: 450 | I41: =SUMIFS(OrderItems!$F$2:$F$535,OrderItems!$B$2:$B$535,A41)+H41 -> 21150
A42: ORD-10006 | B42: CUST-1018 | C42: 45766 | D42: 45769 | E42: Delivered | F42: Card | G42: Jaffna | H42: 600 | I42: =SUMIFS(OrderItems!$F$2:$F$535,OrderItems!$B$2:$B$535,A42)+H42 -> 30150
A43: ORD-10168 | B43: CUST-1058 | C43: 45767 | E43: Processing | F43: Card | G43: Matara | H43: 600 | I43: =SUMIFS(OrderItems!$F$2:$F$535,OrderItems!$B$2:$B$535,A43)+H43 -> 5100
A44: ORD-10111 | B44: CUST-1055 | C44: 45777 | D44: 45781 | E44: Delivered | F44: Card | G44: Negombo | H44: 350 | I44: =SUMIFS(OrderItems!$F$2:$F$535,OrderItems!$B$2:$B$535,A44)+H44 -> 13250
A45: ORD-10054 | B45: CUST-1047 | C45: 45778 | D45: 45780 | E45: Delivered | F45: Bank Transfer | G45: Badulla | H45: 0 | I45: =SUMIFS(OrderItems!$F$2:$F$535,OrderItems!$B$2:$B$535,A45)+H45 -> 23045
A46: ORD-10217 | B46: CUST-1021 | C46: 45778 | D46: 45782 | E46: Shipped | F46: Cash on Delivery | G46: Kurunegala | H46: 450 | I46: =SUMIFS(OrderItems!$F$2:$F$535,OrderItems!$B$2:$B$535,A46)+H46 -> 58440
A47: ORD-10141 | B47: CUST-1007 | C47: 45780 | E47: Processing | F47: Cash on Delivery | G47: Colombo | H47: 450 | I47: =SUMIFS(OrderItems!$F$2:$F$535,OrderItems!$B$2:$B$535,A47)+H47 -> 33150
A48: ORD-10035 | B48: CUST-1031 | C48: 45781 | D48: 45782 | E48: Delivered | F48: Bank Transfer | G48: Dehiwala | H48: 350 | I48: =SUMIFS(OrderItems!$F$2:$F$535,OrderItems!$B$2:$B$535,A48)+H48 -> 4250
A49: ORD-10105 | B49: CUST-1052 | C49: 45782 | D49: 45785 | E49: Delivered | F49: Bank Transfer | G49: Galle | H49: 350 | I49: =SUMIFS(OrderItems!$F$2:$F$535,OrderItems!$B$2:$B$535,A49)+H49 -> 41407.5
A50: ORD-10090 | B50: CUST-1046 | C50: 45783 | D50: 45784 | E50: Delivered | F50: Mobile Wallet | G50: Moratuwa | H50: 450 | I50: =SUMIFS(OrderItems!$F$2:$F$535,OrderItems!$B$2:$B$535,A50)+H50 -> 7550
A51: ORD-10087 | B51: CUST-1034 | C51: 45787 | D51: 45789 | E51: Delivered | F51: Cash on Delivery | G51: Anuradhapura | H51: 450 | I51: =SUMIFS(OrderItems!$F$2:$F$535,OrderItems!$B$2:$B$535,A51)+H51 -> 56240
A52: ORD-10013 | B52: CUST-1052 | C52: 45791 | D52: 45795 | E52: Delivered | F52: Card | G52: Jaffna | H52: 450 | I52: =SUMIFS(OrderItems!$F$2:$F$535,OrderItems!$B$2:$B$535,A52)+H52 -> 37400
A53: ORD-10002 | B53: CUST-1034 | C53: 45792 | E53: Cancelled | F53: Card | G53: Jaffna | H53: 600 | I53: =SUMIFS(OrderItems!$F$2:$F$535,OrderItems!$B$2:$B$535,A53)+H53 -> 28200
A54: ORD-10032 | B54: CUST-1015 | C54: 45797 | D54: 45800 | E54: Shipped | F54: Bank Transfer | G54: Negombo | H54: 450 | I54: =SUMIFS(OrderItems!$F$2:$F$535,OrderItems!$B$2:$B$535,A54)+H54 -> 80182.5
A55: ORD-10132 | B55: CUST-1008 | C55: 45797 | D55: 45801 | E55: Delivered | F55: Mobile Wallet | G55: Matara | H55: 600 | I55: =SUMIFS(OrderItems!$F$2:$F$535,OrderItems!$B$2:$B$535,A55)+H55 -> 68100
A56: ORD-10158 | B56: CUST-1032 | C56: 45797 | D56: 45799 | E56: Delivered | F56: Mobile Wallet | G56: Colombo | H56: 350 | I56: =SUMIFS(OrderItems!$F$2:$F$535,OrderItems!$B$2:$B$535,A56)+H56 -> 13250
A57: ORD-10159 | B57: CUST-1058 | C57: 45798 | D57: 45800 | E57: Delivered | F57: Card | G57: Matara | H57: 350 | I57: =SUMIFS(OrderItems!$F$2:$F$535,OrderItems!$B$2:$B$535,A57)+H57 -> 38120
A58: ORD-10091 | B58: CUST-1004 | C58: 45802 | D58: 45806 | E58: Shipped | F58: Mobile Wallet | G58: Ratnapura | H58: 600 | I58: =SUMIFS(OrderItems!$F$2:$F$535,OrderItems!$B$2:$B$535,A58)+H58 -> 2950
A59: ORD-10064 | B59: CUST-1044 | C59: 45803 | E59: Processing | F59: Card | G59: Jaffna | H59: 450 | I59: =SUMIFS(OrderItems!$F$2:$F$535,OrderItems!$B$2:$B$535,A59)+H59 -> 51940
A60: ORD-10115 | B60: CUST-1053 | C60: 45809 | D60: 45810 | E60: Shipped | F60: Mobile Wallet | G60: Kurunegala | H60: 600 | I60: =SUMIFS(OrderItems!$F$2:$F$535,OrderItems!$B$2:$B$535,A60)+H60 -> 3500
A61: ORD-10041 | B61: CUST-1044 | C61: 45813 | D61: 45816 | E61: Delivered | F61: Bank Transfer | G61: Jaffna | H61: 600 | I61: =SUMIFS(OrderItems!$F$2:$F$535,OrderItems!$B$2:$B$535,A61)+H61 -> 10560
A62: ORD-10059 | B62: CUST-1044 | C62: 45815 | D62: 45820 | E62: Delivered | F62: Cash on Delivery | G62: Negombo | H62: 0 | I62: =SUMIFS(OrderItems!$F$2:$F$535,OrderItems!$B$2:$B$535,A62)+H62 -> 38200
A63: ORD-10169 | B63: CUST-1029 | C63: 45815 | D63: 45816 | E63: Delivered | F63: Mobile Wallet | G63: Badulla | H63: 350 | I63: =SUMIFS(OrderItems!$F$2:$F$535,OrderItems!$B$2:$B$535,A63)+H63 -> 14650
A64: ORD-10193 | B64: CUST-1005 | C64: 45816 | D64: 45817 | E64: Shipped | F64: Card | G64: Galle | H64: 600 | I64: =SUMIFS(OrderItems!$F$2:$F$535,OrderItems!$B$2:$B$535,A64)+H64 -> 35900
A65: ORD-10004 | B65: CUST-1003 | C65: 45818 | D65: 45822 | E65: Delivered | F65: Card | G65: Ratnapura | H65: 350 | I65: =SUMIFS(OrderItems!$F$2:$F$535,OrderItems!$B$2:$B$535,A65)+H65 -> 75300
A66: ORD-10043 | B66: CUST-1028 | C66: 45818 | D66: 45822 | E66: Delivered | F66: Card | G66: Matara | H66: 350 | I66: =SUMIFS(OrderItems!$F$2:$F$535,OrderItems!$B$2:$B$535,A66)+H66 -> 32150
A67: ORD-10022 | B67: CUST-1009 | C67: 45819 | D67: 45822 | E67: Delivered | F67: Bank Transfer | G67: Ratnapura | H67: 450 | I67: =SUMIFS(OrderItems!$F$2:$F$535,OrderItems!$B$2:$B$535,A67)+H67 -> 32110
A68: ORD-10026 | B68: CUST-1048 | C68: 45820 | D68: 45823 | E68: Delivered | F68: Bank Transfer | G68: Gampaha | H68: 450 | I68: =SUMIFS(OrderItems!$F$2:$F$535,OrderItems!$B$2:$B$535,A68)+H68 -> 35300
A69: ORD-10005 | B69: CUST-1058 | C69: 45829 | E69: Cancelled | F69: Card | G69: Matara | H69: 450 | I69: =SUMIFS(OrderItems!$F$2:$F$535,OrderItems!$B$2:$B$535,A69)+H69 -> 12810
A70: ORD-10028 | B70: CUST-1013 | C70: 45836 | D70: 45841 | E70: Delivered | F70: Mobile Wallet | G70: Kandy | H70: 350 | I70: =SUMIFS(OrderItems!$F$2:$F$535,OrderItems!$B$2:$B$535,A70)+H70 -> 38450
A71: ORD-10145 | B71: CUST-1034 | C71: 45838 | D71: 45841 | E71: Shipped | F71: Card | G71: Anuradhapura | H71: 450 | I71: =SUMIFS(OrderItems!$F$2:$F$535,OrderItems!$B$2:$B$535,A71)+H71 -> 3650
A72: ORD-10080 | B72: CUST-1012 | C72: 45840 | D72: 45845 | E72: Shipped | F72: Cash on Delivery | G72: Moratuwa | H72: 350 | I72: =SUMIFS(OrderItems!$F$2:$F$535,OrderItems!$B$2:$B$535,A72)+H72 -> 32075
A73: ORD-10186 | B73: CUST-1043 | C73: 45841 | D73: 45844 | E73: Delivered | F73: Cash on Delivery | G73: Ratnapura | H73: 350 | I73: =SUMIFS(OrderItems!$F$2:$F$535,OrderItems!$B$2:$B$535,A73)+H73 -> 81680
A74: ORD-10170 | B74: CUST-1005 | C74: 45845 | D74: 45850 | E74: Delivered | F74: Card | G74: Dehiwala | H74: 450 | I74: =SUMIFS(OrderItems!$F$2:$F$535,OrderItems!$B$2:$B$535,A74)+H74 -> 61650
A75: ORD-10143 | B75: CUST-1047 | C75: 45850 | D75: 45854 | E75: Delivered | F75: Mobile Wallet | G75: Badulla | H75: 600 | I75: =SUMIFS(OrderItems!$F$2:$F$535,OrderItems!$B$2:$B$535,A75)+H75 -> 42650
A76: ORD-10078 | B76: CUST-1056 | C76: 45852 | D76: 45856 | E76: Delivered | F76: Card | G76: Jaffna | H76: 450 | I76: =SUMIFS(OrderItems!$F$2:$F$535,OrderItems!$B$2:$B$535,A76)+H76 -> 17260
A77: ORD-10117 | B77: CUST-1006 | C77: 45854 | D77: 45859 | E77: Shipped | F77: Cash on Delivery | G77: Dehiwala | H77: 450 | I77: =SUMIFS(OrderItems!$F$2:$F$535,OrderItems!$B$2:$B$535,A77)+H77 -> 20430
A78: ORD-10195 | B78: CUST-1016 | C78: 45859 | D78: 45863 | E78: Delivered | F78: Card | G78: Galle | H78: 350 | I78: =SUMIFS(OrderItems!$F$2:$F$535,OrderItems!$B$2:$B$535,A78)+H78 -> 29325
A79: ORD-10171 | B79: CUST-1036 | C79: 45862 | D79: 45867 | E79: Shipped | F79: Cash on Delivery | G79: Moratuwa | H79: 450 | I79: =SUMIFS(OrderItems!$F$2:$F$535,OrderItems!$B$2:$B$535,A79)+H79 -> 4155
A80: ORD-10178 | B80: CUST-1006 | C80: 45864 | E80: Processing | F80: Mobile Wallet | G80: Dehiwala | H80: 450 | I80: =SUMIFS(OrderItems!$F$2:$F$535,OrderItems!$B$2:$B$535,A80)+H80 -> 2025
A81: ORD-10136 | B81: CUST-1042 | C81: 45866 | D81: 45871 | E81: Delivered | F81: Cash on Delivery | G81: Colombo | H81: 600 | I81: =SUMIFS(OrderItems!$F$2:$F$535,OrderItems!$B$2:$B$535,A81)+H81 -> 10400
A82: ORD-10180 | B82: CUST-1031 | C82: 45866 | D82: 45871 | E82: Delivered | F82: Cash on Delivery | G82: Negombo | H82: 600 | I82: =SUMIFS(OrderItems!$F$2:$F$535,OrderItems!$B$2:$B$535,A82)+H82 -> 18752.5
A83: ORD-10156 | B83: CUST-1032 | C83: 45869 | E83: Cancelled | F83: Cash on Delivery | G83: Negombo | H83: 350 | I83: =SUMIFS(OrderItems!$F$2:$F$535,OrderItems!$B$2:$B$535,A83)+H83 -> 112850
A84: ORD-10061 | B84: CUST-1015 | C84: 45893 | E84: Cancelled | F84: Cash on Delivery | G84: Negombo | H84: 350 | I84: =SUMIFS(OrderItems!$F$2:$F$535,OrderItems!$B$2:$B$535,A84)+H84 -> 15280
A85: ORD-10034 | B85: CUST-1008 | C85: 45901 | D85: 45906 | E85: Delivered | F85: Bank Transfer | G85: Gampaha | H85: 0 | I85: =SUMIFS(OrderItems!$F$2:$F$535,OrderItems!$B$2:$B$535,A85)+H85 -> 7000
A86: ORD-10063 | B86: CUST-1033 | C86: 45901 | D86: 45904 | E86: Delivered | F86: Mobile Wallet | G86: Gampaha | H86: 450 | I86: =SUMIFS(OrderItems!$F$2:$F$535,OrderItems!$B$2:$B$535,A86)+H86 -> 19890
A87: ORD-10027 | B87: CUST-1006 | C87: 45902 | D87: 45905 | E87: Delivered | F87: Cash on Delivery | G87: Dehiwala | H87: 450 | I87: =SUMIFS(OrderItems!$F$2:$F$535,OrderItems!$B$2:$B$535,A87)+H87 -> 28250
A88: ORD-10198 | B88: CUST-1024 | C88: 45905 | D88: 45909 | E88: Delivered | F88: Bank Transfer | G88: Colombo | H88: 450 | I88: =SUMIFS(OrderItems!$F$2:$F$535,OrderItems!$B$2:$B$535,A88)+H88 -> 47300
A89: ORD-10024 | B89: CUST-1052 | C89: 45906 | D89: 45908 | E89: Delivered | F89: Mobile Wallet | G89: Galle | H89: 0 | I89: =SUMIFS(OrderItems!$F$2:$F$535,OrderItems!$B$2:$B$535,A89)+H89 -> 7320
A90: ORD-10088 | B90: CUST-1034 | C90: 45908 | D90: 45911 | E90: Delivered | F90: Card | G90: Anuradhapura | H90: 450 | I90: =SUMIFS(OrderItems!$F$2:$F$535,OrderItems!$B$2:$B$535,A90)+H90 -> 23900
A91: ORD-10118 | B91: CUST-1035 | C91: 45910 | D91: 45912 | E91: Delivered | F91: Mobile Wallet | G91: Kurunegala | H91: 450 | I91: =SUMIFS(OrderItems!$F$2:$F$535,OrderItems!$B$2:$B$535,A91)+H91 -> 9717.5
A92: ORD-10112 | B92: CUST-1005 | C92: 45912 | D92: 45916 | E92: Shipped | F92: Mobile Wallet | G92: Galle | H92: 350 | I92: =SUMIFS(OrderItems!$F$2:$F$535,OrderItems!$B$2:$B$535,A92)+H92 -> 64250
A93: ORD-10150 | B93: CUST-1057 | C93: 45915 | D93: 45916 | E93: Delivered | F93: Mobile Wallet | G93: Badulla | H93: 350 | I93: =SUMIFS(OrderItems!$F$2:$F$535,OrderItems!$B$2:$B$535,A93)+H93 -> 36550
A94: ORD-10098 | B94: CUST-1033 | C94: 45924 | D94: 45926 | E94: Shipped | F94: Cash on Delivery | G94: Negombo | H94: 600 | I94: =SUMIFS(OrderItems!$F$2:$F$535,OrderItems!$B$2:$B$535,A94)+H94 -> 47060
A95: ORD-10009 | B95: CUST-1026 | C95: 45926 | D95: 45931 | E95: Delivered | F95: Bank Transfer | G95: Galle | H95: 600 | I95: =SUMIFS(OrderItems!$F$2:$F$535,OrderItems!$B$2:$B$535,A95)+H95 -> 75490
A96: ORD-10033 | B96: CUST-1001 | C96: 45932 | D96: 45936 | E96: Delivered | F96: Bank Transfer | G96: Gampaha | H96: 0 | I96: =SUMIFS(OrderItems!$F$2:$F$535,OrderItems!$B$2:$B$535,A96)+H96 -> 5265
... A98: ORD-10192 | B98: CUST-1049 | C98: 45933 | D98: 45938 | E98: Delivered | F98: Mobile Wallet | G98: Gampaha | H98: 450 | I98: =SUMIFS(OrderItems!$F$2:$F$535,OrderItems!$B$2:$B$535,A98)+H98 -> 14700
A99: ORD-10152 | B99: CUST-1042 | C99: 45935 | E99: Cancelled | F99: Card | G99: Colombo | H99: 450 | I99: =SUMIFS(OrderItems!$F$2:$F$535,OrderItems!$B$2:$B$535,A99)+H99 -> 53805
A100: ORD-10046 | B100: CUST-1009 | C100: 45947 | D100: 45951 | E100: Delivered | F100: Card | G100: Ratnapura | H100: 0 | I100: =SUMIFS(OrderItems!$F$2:$F$535,OrderItems!$B$2:$B$535,A100)+H100 -> 50810
A101: ORD-10016 | B101: CUST-1021 | C101: 45951 | D101: 45955 | E101: Shipped | F101: Card | G101: Kurunegala | H101: 450 | I101: =SUMIFS(OrderItems!$F$2:$F$535,OrderItems!$B$2:$B$535,A101)+H101 -> 40500
A102: ORD-10023 | B102: CUST-1001 | C102: 45951 | D102: 45956 | E102: Shipped | F102: Mobile Wallet | G102: Matara | H102: 600 | I102: =SUMIFS(OrderItems!$F$2:$F$535,OrderItems!$B$2:$B$535,A102)+H102 -> 36640
...

Sheet OrderItems
A1: OrderItemID | B1: OrderID | C1: ProductID | D1: Quantity | E1: UnitPrice_LKR | F1: LineTotal_LKR
A2: ITM-50001 | B2: ORD-10001 | C2: PROD-131 | D2: 3 | E2: 690 | F2: =ROUND(D2*E2,2) -> 2070
A3: ITM-50002 | B3: ORD-10001 | C3: PROD-141 | D3: 1 | E3: 3900 | F3: =ROUND(D3*E3,2) -> 3900
A4: ITM-50003 | B4: ORD-10001 | C4: PROD-154 | D4: 1 | E4: 3400 | F4: =ROUND(D4*E4,2) -> 3400
A5: ITM-50004 | B5: ORD-10001 | C5: PROD-145 | D5: 2 | E5: 3600 | F5: =ROUND(D5*E5,2) -> 7200
A6: ITM-50005 | B6: ORD-10002 | C6: PROD-107 | D6: 1 | E6: 24500 | F6: =ROUND(D6*E6,2) -> 24500
A7: ITM-50006 | B7: ORD-10002 | C7: PROD-148 | D7: 1 | E7: 950 | F7: =ROUND(D7*E7,2) -> 950
A8: ITM-50007 | B8: ORD-10002 | C8: PROD-133 | D8: 1 | E8: 2150 | F8: =ROUND(D8*E8,2) -> 2150
A9: ITM-50008 | B9: ORD-10003 | C9: PROD-105 | D9: 2 | E9: 10925 | F9: =ROUND(D9*E9,2) -> 21850
A10: ITM-50009 | B10: ORD-10003 | C10: PROD-125 | D10: 2 | E10: 9310 | F10: =ROUND(D10*E10,2) -> 18620
A11: ITM-50010 | B11: ORD-10003 | C11: PROD-117 | D11: 4 | E11: 13900 | F11: =ROUND(D11*E11,2) -> 55600
A12: ITM-50011 | B12: ORD-10004 | C12: PROD-119 | D12: 1 | E12: 2450 | F12: =ROUND(D12*E12,2) -> 2450
A13: ITM-50012 | B13: ORD-10004 | C13: PROD-156 | D13: 5 | E13: 14500 | F13: =ROUND(D13*E13,2) -> 72500
... A535: ITM-50534 | B535: ORD-10220 | C535: PROD-109 | D535: 1 | E535: 2160 | F535: =ROUND(D535*E535,2) -> 2160

Sheet Warehouses
A1: WarehouseID | B1: WarehouseName | C1: City
A2: WH-01 | B2: Colombo Main Warehouse | C2: Colombo
A3: WH-02 | B3: Kandy Regional Warehouse | C3: Kandy
A4: WH-03 | B4: Galle Regional Warehouse | C4: Galle

Sheet Stock
A1: StockID | B1: ProductID | C1: WarehouseID | D1: QuantityOnHand | E1: LastStockTake
A2: STK-5001 | B2: PROD-101 | C2: WH-01 | D2: 161 | E2: 46247
A3: STK-5002 | B3: PROD-101 | C3: WH-02 | D3: 161 | E3: 46235
A4: STK-5003 | B4: PROD-102 | C4: WH-01 | D4: 233 | E4: 46239
A5: STK-5004 | B5: PROD-103 | C5: WH-01 | D5: 117 | E5: 46236
A6: STK-5005 | B6: PROD-103 | C6: WH-02 | D6: 0 | E6: 46255
A7: STK-5006 | B7: PROD-104 | C7: WH-01 | D7: 201 | E7: 46258
A8: STK-5007 | B8: PROD-104 | C8: WH-02 | D8: 149 | E8: 46242
A9: STK-5008 | B9: PROD-105 | C9: WH-01 | D9: 138 | E9: 46257
A10: STK-5009 | B10: PROD-106 | C10: WH-01 | D10: 68 | E10: 46250
A11: STK-5010 | B11: PROD-106 | C11: WH-03 | D11: 178 | E11: 46255
A12: STK-5011 | B12: PROD-107 | C12: WH-01 | D12: 161 | E12: 46236
A13: STK-5012 | B13: PROD-107 | C13: WH-02 | D13: 0 | E13: 46264
... A112: STK-5111 | B112: PROD-156 | C112: WH-03 | D112: 215 | E112: 46256
